id,name,symbol,slug,num_market_pairs,date_added,max_supply,circulating_supply,total_supply,cmc_rank,last_updated,quote_usd_price,quote_usd_volume_24h,quote_usd_volume_change_24h,quote_usd_percent_change_1h,quote_usd_percent_change_24h,quote_usd_percent_change_7d,quote_usd_percent_change_30d,quote_usd_percent_change_60d,quote_usd_percent_change_90d,quote_usd_market_cap,quote_usd_market_cap_dominance,quote_usd_fully_diluted_market_cap,quote_usd_tvl,quote_usd_last_updated,platform_id,platform_name,platform_symbol,platform_slug,platform_token_address
1,Bitcoin,BTC,bitcoin,9620,2013-04-28T00:00:00Z,21000000,19091375,19091375,1,2022-07-12T00:20:00Z,19975.13775,24243783476,-15.0433,-0.04203451,-3.74516522,-1.40013448,-29.8233932,-30.63368065,-50.25184574,3.81E+11,42.888,4.19E+11,,2022-07-12T00:20:00Z,,,,,
1027,Ethereum,ETH,ethereum,5820,2015-08-07T00:00:00Z,,121509009.2,121509009.2,2,2022-07-12T00:19:00Z,1097.069843,12111706088,10.0236,-0.1029145,-5.85746002,-4.84266538,-28.70368379,-43.59924126,-63.86998251,1.33E+11,14.9917,1.33E+11,,2022-07-12T00:19:00Z,,,,,
825,Tether,USDT,tether,35968,2015-02-25T00:00:00Z,,65990930061,68156976395,3,2022-07-12T00:19:00Z,0.999258081,38840404681,-2.8783,0.00293521,-0.02222597,0.01780253,0.01903135,0.19298294,-0.1067277,65941970133,7.416,68106409436,,2022-07-12T00:19:00Z,1027,Ethereum,ETH,ethereum,0xdac17f958d2ee523a2206206994597c13d831ec7
3408,USD Coin,USDC,usd-coin,4828,2018-10-08T00:00:00Z,,55546939563,55546939563,4,2022-07-12T00:19:00Z,0.999931267,4853356321,10.0772,-0.00634184,-0.00643424,-0.00144429,-0.00124978,-0.04791053,-0.01535248,55543121678,6.2465,55543121678,,2022-07-12T00:19:00Z,1027,Ethereum,ETH,ethereum,0xa0b86991c6218b36c1d19d4a2e9eb0ce3606eb48
1839,BNB,BNB,bnb,1001,2017-07-25T00:00:00Z,165116760,163276974.6,163276974.6,5,2022-07-12T00:19:00Z,225.0816392,1034321601,16.9683,-0.31108439,-3.90444275,-2.86967738,-16.85702778,-15.49927774,-45.70660308,36750649097,4.1331,37164751004,,2022-07-12T00:19:00Z,,,,,
4687,Binance USD,BUSD,binance-usd,4036,2019-09-20T00:00:00Z,,17547224379,17547224379,6,2022-07-12T00:20:00Z,0.999698414,4262676749,-4.3116,0.04448645,-0.01273304,-0.2676919,-0.11003014,-0.21385539,-0.16569207,17541932385,1.9728,17541932385,,2022-07-12T00:20:00Z,1839,BNB,BNB,bnb,BUSD-BD1
52,XRP,XRP,xrp,756,2013-08-04T00:00:00Z,1.00E+11,48343101197,99989535142,7,2022-07-12T00:20:00Z,0.316474528,1048241354,14.9488,1.03160308,-2.63160641,-3.82378664,-12.41579231,-17.36164534,-55.84603014,15299360113,1.7206,31647452758,,2022-07-12T00:20:00Z,,,,,
2010,Cardano,ADA,cardano,516,2017-10-01T00:00:00Z,45000000000,33739028516,34512850429,8,2022-07-12T00:19:00Z,0.436569575,739738508.4,21.6376,0.26538238,-5.31122571,-6.79736001,-21.79741899,-7.14100062,-54.32774997,14729433324,1.6565,19645630854,,2022-07-12T00:19:00Z,,,,,
5426,Solana,SOL,solana,348,2020-04-10T00:00:00Z,,345441988.2,511616946.1,9,2022-07-12T00:19:00Z,33.65870178,931575836,31.3547,0.34041369,-7.80933514,-8.41508534,-1.57682922,-23.80797141,-67.6194716,11627128863,1.3076,17220362214,,2022-07-12T00:19:00Z,,,,,
74,Dogecoin,DOGE,dogecoin,506,2013-12-15T00:00:00Z,,1.33E+11,1.33E+11,10,2022-07-12T00:20:00Z,0.061938779,326273408,10.0698,0.43170181,-7.44175372,-10.80830506,-11.85859263,-25.18714348,-55.34215388,8217465131,0.9242,8217465131,,2022-07-12T00:20:00Z,,,,,
4943,Dai,DAI,multi-collateral-dai,1024,2019-11-22T00:00:00Z,,6917628479,6917628479,11,2022-07-12T00:20:00Z,0.999335608,173796948,-8.6829,-0.00234149,0.00792746,-0.15309463,-0.05065073,-0.15578538,-0.10997799,6913032459,0.7775,6913032459,,2022-07-12T00:20:00Z,1027,Ethereum,ETH,ethereum,0x6b175474e89094c44da98b954eedeac495271d0f
6636,Polkadot,DOT,polkadot-new,363,2020-08-19T00:00:00Z,,987579315,1103303471,12,2022-07-12T00:20:00Z,6.553854433,332818569.3,-20.3126,0.18620695,-3.96619086,-8.67072328,-18.96314803,-23.68270084,-63.26713891,6472451071,0.7279,7230890347,,2022-07-12T00:20:00Z,,,,,
1958,TRON,TRX,tron,655,2017-09-13T00:00:00Z,,92479862707,92479852628,13,2022-07-12T00:19:00Z,0.064678525,498636005.7,-7.0013,-0.05367694,-4.24604188,-5.47590584,-15.20448594,-3.40321387,7.78016064,5981461094,0.6727,5981460442,,2022-07-12T00:19:00Z,,,,,
5994,Shiba Inu,SHIB,shiba-inu,375,2020-08-01T00:00:00Z,,5.49E+14,5.90E+14,14,2022-07-12T00:19:00Z,0.0000103,331405691.7,-0.9873,0.35995726,-6.68498499,-1.4077541,10.0069107,-3.30806366,-61.77027825,5676353960,0.6384,6096828733,,2022-07-12T00:19:00Z,1027,Ethereum,ETH,ethereum,0x95ad61b0a150d79219dcf64e1e6cc01f0b64c4ce
3957,UNUS SED LEO,LEO,unus-sed-leo,19,2019-05-21T00:00:00Z,,953954130,985239504,15,2022-07-12T00:19:00Z,5.380375729,3409042.265,-4.7563,0.14805267,-4.16387041,-6.39053892,-2.08210572,5.9194024,-5.55115206,5132631647,0.5772,5300958714,,2022-07-12T00:19:00Z,1027,Ethereum,ETH,ethereum,0x2af5d2ad76741191d15dfe7bf6ac92d4bd912ca3
3717,Wrapped Bitcoin,WBTC,wrapped-bitcoin,472,2019-01-30T00:00:00Z,,249980.3895,249980.3895,16,2022-07-12T00:19:00Z,19959.19651,131217821.4,14.467,-0.05977856,-3.97452568,-1.4493383,-29.88932359,-30.79154106,-50.2592158,4989407718,0.5611,4989407718,,2022-07-12T00:19:00Z,1027,Ethereum,ETH,ethereum,0x2260fac5e5542a773aa44fbcfedf7c193bc2c599
5805,Avalanche,AVAX,avalanche,283,2020-07-13T00:00:00Z,720000000,283376071,404229626.5,17,2022-07-12T00:19:00Z,17.39770201,340441546.7,5.8978,-0.36876803,-8.84382306,-2.71984848,-13.13087923,-41.66442559,-77.30331985,4930092440,0.5544,12526345448,,2022-07-12T00:19:00Z,,,,,
3890,Polygon,MATIC,polygon,422,2019-04-28T00:00:00Z,10000000000,8006803853,10000000000,18,2022-07-12T00:19:00Z,0.561697323,600103770.4,79.1449,-0.17207292,-0.73852805,13.6714336,3.09001072,-5.50534977,-59.8664676,4497400294,0.5058,5616973235,,2022-07-12T00:19:00Z,,,,,
7083,Uniswap,UNI,uniswap,385,2020-09-17T00:00:00Z,1000000000,734135450.7,1000000000,19,2022-07-12T00:20:00Z,5.53824418,239194935.8,47.3275,-0.03667387,-10.89025892,3.63224553,25.76740236,19.26777343,-40.78008268,4065821387,0.4573,5538244180,4995002280,2022-07-12T00:20:00Z,1027,Ethereum,ETH,ethereum,0x1f9840a85d5af5bf1d1762f925bdaddc4201f984
2,Litecoin,LTC,litecoin,797,2013-04-28T00:00:00Z,84000000,70698393.78,84000000,20,2022-07-12T00:20:00Z,48.71194218,391220667,-35.743,-0.01258021,-6.2597231,-6.70292996,-7.29254111,-23.48361049,-53.57880401,3443856070,0.3873,4091803143,,2022-07-12T00:20:00Z,,,,,
4195,FTX Token,FTT,ftx-token,130,2019-07-31T00:00:00Z,352170015,135348550.2,331217886.3,21,2022-07-12T00:20:00Z,24.97917847,61613491.23,26.6306,0.03994598,-3.11332812,-3.78433678,-9.33283262,-15.09555035,-40.37797331,3380895591,0.3802,8796917655,,2022-07-12T00:20:00Z,1839,BNB,BNB,bnb,FTT-F11
3635,Cronos,CRO,cronos,139,2018-12-14T00:00:00Z,30263013692,25263013692,30263013692,22,2022-07-12T00:19:00Z,0.11313513,21388417.08,77.169,-0.4451153,-4.61553473,-4.58515699,-26.38478682,-35.57449541,-72.87456521,2858134326,0.3214,3423809974,,2022-07-12T00:19:00Z,1027,Ethereum,ETH,ethereum,0xa0b73e1ff0b80914ab6fe0444e65848c4c34450b
1975,Chainlink,LINK,chainlink,673,2017-09-20T00:00:00Z,1000000000,467099970.5,1000000000,23,2022-07-12T00:19:00Z,6.070718566,332170067.9,31.2494,0.60854572,-2.16095174,-5.45054465,-14.51621667,-6.81620868,-56.61448859,2835632463,0.3189,6070718566,,2022-07-12T00:19:00Z,1027,Ethereum,ETH,ethereum,0x514910771af9ca656af840dff83e8264ecf986ca
512,Stellar,XLM,stellar,438,2014-08-05T00:00:00Z,50001806812,25082749946,50001787671,24,2022-07-12T00:20:00Z,0.101921371,134751607.9,-8.8068,0.25800015,-4.52532325,-8.22730775,-19.21855289,-15.34176878,-47.09178091,2556468259,0.2875,5096252694,,2022-07-12T00:20:00Z,,,,,
3794,Cosmos,ATOM,cosmos,305,2019-03-14T00:00:00Z,,286370297,0,26,2022-07-12T00:19:00Z,8.287186242,268712042.9,-34.8307,-0.3914998,-5.11775008,-6.76223372,8.99932027,-12.97778268,-66.48965216,2373203986,0.2669,0,,2022-07-12T00:19:00Z,,,,,
6535,NEAR Protocol,NEAR,near-protocol,173,2020-08-11T00:00:00Z,1000000000,731259183,1000000000,25,2022-07-12T00:20:00Z,3.24384707,188391160.3,1.4051,0.20329374,-7.81505515,-7.90690422,-21.42671964,-48.8444874,-80.47422271,2372092958,0.2668,3243847070,,2022-07-12T00:20:00Z,,,,,
328,Monero,XMR,monero,183,2014-05-21T00:00:00Z,,18146394.18,18146394.18,27,2022-07-12T00:20:00Z,126.7609321,161422838.5,59.4265,0.51142603,-1.65704593,2.276865,-23.75120447,-6.52748976,-45.41945504,2300253841,0.2587,2300253841,,2022-07-12T00:20:00Z,,,,,
4030,Algorand,ALGO,algorand,232,2019-06-20T00:00:00Z,10000000000,6976339268,7377578216,28,2022-07-12T00:19:00Z,0.297609301,71022688.07,6.2303,0.06062622,-3.59182305,-6.84624702,-15.07894403,-28.60371472,-59.07065537,2076223455,0.2335,2976093012,,2022-07-12T00:19:00Z,,,,,
1321,Ethereum Classic,ETC,ethereum-classic,316,2016-07-24T00:00:00Z,210700000,135760737.8,210700000,29,2022-07-12T00:19:00Z,14.24297153,225097099,8.4758,0.42729006,-5.46819703,-7.60371463,-22.27970454,-23.98126818,-62.7849541,1933636324,0.2175,3000994101,,2022-07-12T00:19:00Z,,,,,
1831,Bitcoin Cash,BCH,bitcoin-cash,616,2017-07-23T00:00:00Z,21000000,19114637.5,19114637.5,30,2022-07-12T00:19:00Z,99.70034126,1224884828,-2.2641,0.34004323,-6.81811875,-7.71059201,-36.64095735,-48.25194792,-67.31749851,1905735882,0.2143,2093707166,,2022-07-12T00:19:00Z,,,,,
3077,VeChain,VET,vechain,190,2017-08-22T00:00:00Z,86712634466,72511146418,85985041177,31,2022-07-12T00:19:00Z,0.02216285,76780067.03,11.0646,0.48138976,-5.05570928,-5.10984458,-20.63956929,-18.80531923,-63.18162886,1607053684,0.1807,1921799138,,2022-07-12T00:19:00Z,,,,,
4558,Flow,FLOW,flow,81,2021-01-27T00:00:00Z,,1036200000,1385626326,32,2022-07-12T00:20:00Z,1.511140246,21170961.24,-17.9447,-0.20865963,-7.47359904,-6.47716037,-27.13368848,-43.0908738,-73.70347295,1565843523,0.1761,2093875708,,2022-07-12T00:20:00Z,,,,,
8916,Internet Computer,ICP,internet-computer,124,2021-03-23T00:00:00Z,,245763241.1,484291809.7,33,2022-07-12T00:20:00Z,6.254922664,111682515,34.1086,1.39821731,-1.67904549,10.01630632,3.95294267,-12.51312062,-62.52542758,1537230067,0.1729,3029207817,,2022-07-12T00:20:00Z,,,,,
1966,Decentraland,MANA,decentraland,285,2017-09-17T00:00:00Z,,1849216541,2193629627,34,2022-07-12T00:19:00Z,0.808376468,132640485.8,16.64,0.18809115,-6.55939315,-11.22850251,-1.84558884,14.68461362,-62.4133291,1494863136,0.1681,1773278571,,2022-07-12T00:19:00Z,1027,Ethereum,ETH,ethereum,0x0f5d2fb29fb7d3cfee444a200298f468908cc942
2011,Tezos,XTZ,tezos,222,2017-10-06T00:00:00Z,,901283701.7,922835475,35,2022-07-12T00:19:00Z,1.590395436,122799913.4,133.0506,0.49862455,-1.91783295,3.15953042,-12.89602118,-4.43913898,-48.32464129,1433397486,0.1612,1467673328,,2022-07-12T00:19:00Z,,,,,
6210,The Sandbox,SAND,the-sandbox,237,2020-08-05T00:00:00Z,3000000000,1258626081,3000000000,36,2022-07-12T00:20:00Z,1.096514794,291767922.4,36.9398,0.02474874,-5.17114918,-9.795044,1.31489884,-1.40227146,-60.68525386,1380102118,0.1552,3289544382,,2022-07-12T00:20:00Z,1027,Ethereum,ETH,ethereum,0x3845badAde8e6dFF049820680d1F14bD3903a5d0
18876,ApeCoin,APE,apecoin-ape,180,2022-03-17T12:26:36Z,1000000000,299531250,1000000000,37,2022-07-12T00:20:00Z,4.350852124,178111990.7,21.7212,0.4750154,-8.6818633,-12.44680343,-8.87523526,-44.6529578,-63.12882252,1303216175,0.1466,4350852124,,2022-07-12T00:20:00Z,1027,Ethereum,ETH,ethereum,0x4d224452801aced8b2f0aebe155379bb5d594381
4642,Hedera,HBAR,hedera,106,2019-09-17T00:00:00Z,50000000000,21084776584,50000000000,38,2022-07-12T00:20:00Z,0.060787231,22286530.19,-15.0377,0.63382757,-5.93536099,-4.61947341,-22.43100702,-29.43116501,-69.45523606,1281685177,0.1441,3039361532,,2022-07-12T00:20:00Z,,,,,
2563,TrueUSD,TUSD,trueusd,276,2018-03-06T00:00:00Z,,1219963939,1219963939,39,2022-07-12T00:20:00Z,1.000441153,72960590.06,24.4298,0.01303992,0.03648853,-0.00503845,-0.04672074,-0.03312021,0.05127328,1220502129,0.1373,1220502129,,2022-07-12T00:20:00Z,1839,BNB,BNB,bnb,TUSDB-888
2280,Filecoin,FIL,filecoin,219,2017-12-13T00:00:00Z,,232897289,232897289,40,2022-07-12T00:20:00Z,5.201815399,98918840.61,14.5243,0.53245445,-4.88636387,-6.39813842,-15.33084528,-34.79264016,-73.2261841,1211488704,0.1362,1211488704,,2022-07-12T00:20:00Z,,,,,
2416,Theta Network,THETA,theta-network,120,2018-01-17T00:00:00Z,1000000000,1000000000,1000000000,41,2022-07-12T00:20:00Z,1.140131544,37702254.5,2.1592,0.20503787,-4.13712133,-9.0225185,-7.55859683,-5.29800103,-63.24428772,1140131544,0.1282,1140131544,,2022-07-12T00:20:00Z,,,,,
6892,Elrond,EGLD,elrond-egld,108,2020-09-04T00:00:00Z,31415926,22542479.83,23016298,42,2022-07-12T00:20:00Z,50.23167091,51681588.24,43.7232,-0.09452079,-3.81473763,-7.45367526,-0.73992781,-35.01941942,-67.88651873,1132346428,0.1273,1578074456,,2022-07-12T00:20:00Z,,,,,
6783,Axie Infinity,AXS,axie-infinity,227,2020-08-31T00:00:00Z,270000000,82475673.61,270000000,43,2022-07-12T00:20:00Z,13.4316732,98901926.64,-49.3579,0.39510902,-6.40617578,-11.34258124,-18.0506023,-30.27826811,-71.84948302,1107786295,0.1246,3626551763,,2022-07-12T00:20:00Z,1027,Ethereum,ETH,ethereum,0xbb0e17ef65f82ab018d8edd776e8dd940327b28b
5665,Helium,HNT,helium,52,2020-06-05T00:00:00Z,223000000,121607112.5,223000000,44,2022-07-12T00:19:00Z,8.713417137,7857530.833,-12.0173,0.27536447,-6.5824586,-8.21639274,-6.61090688,-6.56606206,-58.03280146,1059613498,0.1192,1943092022,,2022-07-12T00:19:00Z,,,,,
7278,Aave,AAVE,aave,353,2020-10-02T00:00:00Z,16000000,13915773.72,16000000,45,2022-07-12T00:19:00Z,70.01364406,222967707.9,-32.1755,-0.40202171,-9.68910465,11.57924226,-9.57609259,-8.20917069,-57.7188205,974294028,0.1096,1120218305,4842177170,2022-07-12T00:19:00Z,1027,Ethereum,ETH,ethereum,0x7Fc66500c84A76Ad7e9c93437bFc5Ac33E2DDaE9
3155,Quant,QNT,quant,97,2018-08-10T00:00:00Z,14612493,12072738,14612493.08,46,2022-07-12T00:19:00Z,78.87228042,65601673.67,-31.3629,0.55285784,-1.8600045,30.32240564,42.3310431,11.198388,-31.9985942,952204377,0.1071,1152520646,,2022-07-12T00:19:00Z,1027,Ethereum,ETH,ethereum,0x4a220e6096b25eadb88358cb44068a3248254675
3602,Bitcoin SV,BSV,bitcoin-sv,175,2018-11-09T00:00:00Z,21000000,19111501.64,19111501.64,47,2022-07-12T00:19:00Z,49.81601896,46632702.1,-10.015,-0.61144914,-7.90985096,-10.81107598,-5.86576888,1.36287162,-40.01161013,952058928.2,0.1071,1046136398,,2022-07-12T00:19:00Z,,,,,
3330,Pax Dollar,USDP,paxos-standard,64,2018-09-27T00:00:00Z,,945642940.1,945642940.1,48,2022-07-12T00:19:00Z,0.998258567,7779239.614,115.9108,-0.01164125,0.02482459,-0.09912549,-0.24054411,-0.10608544,-0.25540903,943996166,0.1062,943996166,,2022-07-12T00:19:00Z,1027,Ethereum,ETH,ethereum,0x8e870d67f660d95d5be530380d0ec0bd388289e1
1765,EOS,EOS,eos,461,2017-07-01T00:00:00Z,,994197426.2,1059676158,49,2022-07-12T00:19:00Z,0.941150638,174821683.2,14.6213,0.10613483,-6.07501459,-4.43750651,-16.26076784,-25.59378969,-58.05603827,935689541.8,0.1052,997314891.8,,2022-07-12T00:19:00Z,,,,,
2087,KuCoin Token,KCS,kucoin-token,39,2017-10-24T00:00:00Z,170118638,98379860.95,145879861,50,2022-07-12T00:20:00Z,8.862778233,2083618.812,-2.0104,0.12932352,-3.52626677,-0.83109557,-40.28661543,-18.10105644,-53.84589165,871918890.1,0.0981,1507723762,,2022-07-12T00:20:00Z,,,,,
1518,Maker,MKR,maker,261,2017-01-29T00:00:00Z,1005577,977631.037,977631.037,51,2022-07-12T00:19:00Z,870.285421,117204516.6,-10.4028,-0.07141069,-7.36757487,-8.10688056,-12.40675918,-35.5596664,-53.14967656,850818038.6,0.0957,875139002.8,7547920868,2022-07-12T00:19:00Z,1027,Ethereum,ETH,ethereum,0x9f8f72aa9304c8b593d555f12ef6589cc3a579a2
1437,Zcash,ZEC,zcash,258,2016-10-29T00:00:00Z,21000000,14799893.75,14799893.75,52,2022-07-12T00:19:00Z,55.12855197,66119612.67,7.1797,-1.15503469,-7.35687338,-5.34408971,-31.42790953,-36.46583731,-62.59545595,815896711.8,0.0918,1157699591,,2022-07-12T00:19:00Z,,,,,
16086,BitTorrent-New,BTT,bittorrent-new,76,2019-01-31T00:00:00Z,,9.35E+14,9.90E+14,53,2022-07-12T00:19:00Z,0.000000863,47839640.53,8.6445,-0.49982426,-3.94288076,-1.09216326,-9.63530773,-16.52952093,-52.96056748,807225830,0.0908,854908457.2,,2022-07-12T00:19:00Z,1958,TRON,TRX,tron,TAFjULxiVgT4qWk6UZwjqwZXTSaGaqnVp4
5068,Neutrino USD,USDN,neutrino-usd,59,2020-01-30T00:00:00Z,,757808853.3,757809457.3,54,2022-07-12T00:19:00Z,0.987847356,3047824.485,43.1307,0.04945289,-0.30060067,-0.10902457,0.17930593,11.06551437,1.33935541,748599471.9,0.0842,748600068.6,,2022-07-12T00:19:00Z,1027,Ethereum,ETH,ethereum,0x674C6Ad92Fd080e4004b2312b45f796a192D27a0
1720,IOTA,MIOTA,iota,77,2017-06-13T00:00:00Z,2779530283,2779530283,2779530283,55,2022-07-12T00:19:00Z,0.266489028,16915335.99,-53.8736,0.4041512,-9.48716926,-4.81209508,-11.72930634,-8.87470078,-59.94412722,740714322.4,0.0833,740714322.4,,2022-07-12T00:19:00Z,,,,,
10791,eCash,XEC,ecash,51,2021-07-08T00:00:00Z,2.10E+13,1.91E+13,1.89E+13,56,2022-07-12T00:20:00Z,0.0000384,10515642.58,77.3311,0.53423298,-5.1581677,-3.09649927,-16.19473843,15.75129553,-58.08780618,734226923.4,0.0826,806768168.1,,2022-07-12T00:20:00Z,,,,,
3897,OKB,OKB,okb,68,2019-04-30T00:00:00Z,,60000000,300000000,57,2022-07-12T00:19:00Z,12.14382254,7566475.991,32.8196,-0.67178837,-4.113445,-4.75272487,4.74642442,2.27113446,-35.58722056,728629352.5,0.0819,3643146763,,2022-07-12T00:19:00Z,1027,Ethereum,ETH,ethereum,0x75231f58b43240c9718dd58b4967c5114342a86c
19891,USDD,USDD,usdd,68,2022-05-02T08:07:12Z,,723321764.6,723321764.6,58,2022-07-12T00:19:00Z,0.995469995,87068646,1.2416,-0.02461515,-0.03164245,0.39487187,-0.4030447,-0.02768056,-0.16472774,720045113.5,0.081,720045113.5,,2022-07-12T00:19:00Z,1027,Ethereum,ETH,ethereum,0x0c10bf8fcb7bf5412187a595ab97a3609160b5c6
2502,Huobi Token,HT,huobi-token,110,2018-02-03T00:00:00Z,500000000,154409022.3,500000000,59,2022-07-12T00:20:00Z,4.319919299,26058714.37,17.8893,-0.13125493,-1.58408699,-7.29891547,-38.16968984,-38.51887921,-53.56458381,667034515.2,0.075,2159959649,,2022-07-12T00:20:00Z,1027,Ethereum,ETH,ethereum,0x6f259637dcd74c767781e37bc6133cd6a68aa161
4157,THORChain,RUNE,thorchain,97,2019-07-23T00:00:00Z,500000000,330688061.3,334937974.9,60,2022-07-12T00:20:00Z,2.015473012,95961070.06,-7.4257,0.92897145,-10.54406586,-8.13528563,-18.97742334,-31.13518463,-74.18787422,666492863,0.075,1007736506,136149486.9,2022-07-12T00:20:00Z,1839,BNB,BNB,bnb,RUNE-B1A
4256,Klaytn,KLAY,klaytn,113,2020-03-30T00:00:00Z,,2915886724,10782297981,61,2022-07-12T00:20:00Z,0.221870077,44535490.07,29.0994,-0.19351065,-6.03488719,-6.95514496,-30.34815663,-36.69597333,-77.99761158,646948012.5,0.0728,2392269285,,2022-07-12T00:20:00Z,,,,,
4066,Chiliz,CHZ,chiliz,251,2019-07-01T00:00:00Z,8888888888,6000378771,8888888888,62,2022-07-12T00:19:00Z,0.107843086,159996605.6,24.2576,2.29396679,0.57277565,5.19304427,3.14155086,12.08597246,-52.5426304,647099363.4,0.0728,958605208.2,,2022-07-12T00:19:00Z,1027,Ethereum,ETH,ethereum,0x3506424f91fd33084466f402d5d97f05f8e3b4af
6719,The Graph,GRT,the-graph,219,2020-12-17T00:00:00Z,10057044431,6900000000,10000000000,63,2022-07-12T00:20:00Z,0.091938291,37635897.52,21.8483,0.21614789,-7.81240661,-6.77904222,-25.83470199,-31.39947137,-75.4084341,634374207.4,0.0713,924627476.7,,2022-07-12T00:20:00Z,1027,Ethereum,ETH,ethereum,0xc944e90c64b2c07662a292be6244bdf05cda44a7
3513,Fantom,FTM,fantom,339,2018-10-29T00:00:00Z,3175000000,2545006273,2545006273,64,2022-07-12T00:19:00Z,0.244291496,126705308,3.0241,0.27063464,-8.03789945,-7.93519477,-12.57313171,-17.22399262,-78.94201486,621723390.4,0.0699,775625500.6,,2022-07-12T00:19:00Z,,,,,
1376,Neo,NEO,neo,247,2016-09-08T00:00:00Z,100000000,70538831,100000000,65,2022-07-12T00:19:00Z,8.336068987,41657817.7,1.1359,-0.08180086,-9.62733375,-3.21598263,-23.69480044,-13.87361573,-59.10137016,588016561.5,0.0661,833606898.7,,2022-07-12T00:19:00Z,,,,,
4705,PAX Gold,PAXG,pax-gold,76,2019-09-26T00:00:00Z,,333660.582,333660.582,66,2022-07-12T00:20:00Z,1735.264176,15546279.62,54.3506,0.05850941,-0.31394473,-4.26953191,-7.67692723,-5.53430815,-11.8609105,578989254.8,0.0651,578989254.8,,2022-07-12T00:20:00Z,1027,Ethereum,ETH,ethereum,0x45804880de22913dafe09f4980848ece6ecbaf78
1697,Basic Attention Token,BAT,basic-attention-token,312,2017-06-01T00:00:00Z,1500000000,1497691558,1500000000,67,2022-07-12T00:19:00Z,0.373928264,57008550.26,27.0252,-0.10748435,-7.76076208,-9.4442131,10.97882855,4.96765178,-48.10392963,560029204.8,0.063,560892396.5,,2022-07-12T00:19:00Z,1027,Ethereum,ETH,ethereum,0x0d8775f648430679a709e98d2b0cb6250d2887ef
1934,Loopring,LRC,loopring,213,2017-08-30T00:00:00Z,1374513896,1330088530,1373873437,68,2022-07-12T00:19:00Z,0.393727913,122177182.1,134.6592,-1.32878102,1.66334942,-1.83853271,-10.95585444,0.99222697,-56.63394396,523692980.9,0.0589,541184487.6,162474361.4,2022-07-12T00:19:00Z,1027,Ethereum,ETH,ethereum,0xbbbbca6a901c926f240b89eacb641d8aec7aeafd
1274,Waves,WAVES,waves,193,2016-06-02T00:00:00Z,,108768154,108768154,69,2022-07-12T00:19:00Z,4.695952933,141080506.6,1.2547,0.34896836,-7.50719581,-14.58610432,-26.377716,-28.47984082,-78.87258117,510770131.8,0.0574,510770131.8,,2022-07-12T00:19:00Z,,,,,
18069,STEPN,GMT,green-metaverse-token,120,2022-03-09T12:47:15Z,6000000000,600000000,6000000000,70,2022-07-12T00:19:00Z,0.838286047,337343248.5,27.8922,0.48575289,-11.13224747,-6.52592022,4.43091208,-26.10638322,-62.38526004,502971628.2,0.0566,5029716282,,2022-07-12T00:19:00Z,1839,BNB,BNB,bnb,0x3019BF2a2eF8040C242C9a4c5c4BD4C81678b2A1
4847,Stacks,STX,stacks,55,2019-10-28T00:00:00Z,1818000000,1322457835,1352464600,71,2022-07-12T00:20:00Z,0.377775488,11348609.58,-48.8669,0.13930869,-6.87610137,-6.85118262,-19.86772832,-24.89407932,-67.42884947,499592154.6,0.0562,686795837.8,,2022-07-12T00:20:00Z,,,,,
2469,Zilliqa,ZIL,zilliqa,205,2018-01-25T00:00:00Z,21000000000,13032885851,16324353004,72,2022-07-12T00:20:00Z,0.036838299,139918249.2,8.5996,0.18421117,-5.81280403,-7.80049087,-11.95400971,-17.61101479,-65.95156981,480109345.5,0.054,773604278.5,,2022-07-12T00:20:00Z,,,,,
6538,Curve DAO Token,CRV,curve-dao-token,298,2020-08-14T00:00:00Z,3303030299,537372110.6,1775477774,73,2022-07-12T00:20:00Z,0.885437631,114194816.5,0.2284,0.00288357,-6.57047179,2.21306536,-2.85744792,-31.08994305,-60.28650077,475809488.5,0.0535,2924627323,5210630412,2022-07-12T00:20:00Z,1027,Ethereum,ETH,ethereum,0xD533a949740bb3306d119CC777fa900bA034cd52
7129,TerraClassicUSD,USTC,terrausd,595,2020-09-21T00:00:00Z,,9815452156,10254324366,74,2022-07-12T00:19:00Z,0.046990279,17494473.69,-56.3945,-3.21213194,-7.63792678,-21.90349534,439.6476712,-87.48091931,-95.30419234,461230834.3,0.0519,481853561.9,,2022-07-12T00:19:00Z,,,,,
131,Dash,DASH,dash,344,2014-02-14T00:00:00Z,18900000,10814247.38,10814247.38,75,2022-07-12T00:20:00Z,41.53788548,73762559.89,-1.7205,-0.21483599,-7.80316211,-6.37521014,-15.86392244,-21.9219109,-59.49761206,449200969.1,0.0505,785066035.5,,2022-07-12T00:20:00Z,,,,,
2130,Enjin Coin,ENJ,enjin-coin,257,2017-11-01T00:00:00Z,1000000000,895399955.6,1000000000,76,2022-07-12T00:20:00Z,0.479596674,74216757.33,34.2548,0.2627934,-8.80670233,-12.89085659,-11.41528428,-17.01974882,-69.29106686,429430840.4,0.0483,479596673.8,,2022-07-12T00:20:00Z,1027,Ethereum,ETH,ethereum,0xf629cbd94d3791c9250152bd8dfbdf380e2a3b9c
7186,PancakeSwap,CAKE,pancakeswap,275,2020-09-25T00:00:00Z,750000000,143141849,309610756.4,77,2022-07-12T00:19:00Z,2.952216762,44109421.93,-5.7516,-0.40629223,-5.11490405,-6.6453381,-26.30237267,-22.8578174,-63.36460541,422585766,0.0475,2214162572,2931533834,2022-07-12T00:19:00Z,1839,BNB,BNB,bnb,0x0e09fabb73bd3ade0a17ecc321fd13a19e81ce82
8642,Fei USD,FEI,fei-usd,51,2021-03-02T00:00:00Z,,424996177.8,426116732.7,78,2022-07-12T00:20:00Z,0.986560525,3034514.518,-67.412,0.08234129,-0.75144595,-1.0917407,-0.90499963,-0.51713969,-0.63470289,419284452.1,0.0472,420389947.4,60232428.48,2022-07-12T00:20:00Z,1027,Ethereum,ETH,ethereum,0x956F47F50A910163D8BF957Cf5846D573E7f87CA
5632,Arweave,AR,arweave,62,2020-05-27T00:00:00Z,66000000,33394701,63190435,79,2022-07-12T00:19:00Z,12.17558103,32446059.55,85.2523,1.35348226,5.76032692,-1.08475013,9.59817136,-17.18696867,-61.80852059,406599888.1,0.0457,803588348.2,,2022-07-12T00:19:00Z,,,,,
5034,Kusama,KSM,kusama,146,2019-12-12T00:00:00Z,,8470098.057,9651217.451,80,2022-07-12T00:20:00Z,46.79093367,24142574.33,10.1291,0.13146978,-5.86644527,-9.63905626,-18.16949031,-30.75671971,-69.67710176,396323796.3,0.0446,451589475.6,,2022-07-12T00:20:00Z,,,,,
4846,Kava,KAVA,kava,82,2019-10-25T00:00:00Z,,225248648,230217397,81,2022-07-12T00:20:00Z,1.682888297,12488994.27,-13.7374,0.0884659,-5.56006735,-6.52000561,-21.04353484,3.52200659,-59.40288482,379068313.7,0.0426,387430163.2,155678263.3,2022-07-12T00:20:00Z,1027,Ethereum,ETH,ethereum,0x0C356B7fD36a5357E5A017EF11887ba100C9AB76
5567,Celo,CELO,celo,114,2020-05-22T00:00:00Z,1000000000,450833963,1000000000,82,2022-07-12T00:19:00Z,0.838016111,15276658.96,-9.4947,0.78624452,-7.49722252,-8.00021412,-18.20281219,-44.1743537,-73.91266433,377806124.4,0.0425,838016111,,2022-07-12T00:19:00Z,,,,,
8646,Mina,MINA,mina,65,2021-03-02T00:00:00Z,,583861592.8,824104972,83,2022-07-12T00:20:00Z,0.642765282,24180144.44,68.8462,-0.2530043,-3.75646135,-1.23444485,-11.06787972,-32.02411748,-73.50819657,375285961.5,0.0422,529706064.9,,2022-07-12T00:20:00Z,,,,,
6945,Amp,AMP,amp,79,2020-09-08T00:00:00Z,92547638199,42227702186,99213408535,84,2022-07-12T00:20:00Z,0.008816577,4941809.666,-46.4717,-0.04632817,-3.37912016,-6.23770002,-16.00688801,-27.043933,-62.10249329,372303791,0.0419,815953385.2,,2022-07-12T00:20:00Z,1027,Ethereum,ETH,ethereum,0xff20817765cb7f73d4bde2e66e067e58d11095c2
5692,Compound,COMP,compound,274,2020-06-16T00:00:00Z,10000000,7157897.958,10000000,85,2022-07-12T00:19:00Z,49.35662263,126833698.3,-27.6016,1.02786229,-8.0756055,0.09248091,8.05375297,-18.42873671,-62.05503834,353289668.3,0.0397,493566226.3,2694610357,2022-07-12T00:19:00Z,1027,Ethereum,ETH,ethereum,0xc00e94cb662c3520282e6f5717214004a7f26888
9903,Convex Finance,CVX,convex-finance,112,2021-05-18T00:00:00Z,100000000,64673029.37,91980788.21,86,2022-07-12T00:19:00Z,5.376072427,7687982.259,-17.1349,0.29264344,-8.30646237,13.32472802,-3.30518967,-53.52264129,-81.27445649,347686890,0.0391,537607242.7,3373687429,2022-07-12T00:19:00Z,1027,Ethereum,ETH,ethereum,0x4e3fbd56cd56c3e72c1403e103b45db9da5b9d2b
873,NEM,XEM,nem,125,2015-04-01T00:00:00Z,8999999999,8999999999,8999999999,87,2022-07-12T00:20:00Z,0.038078373,7462825.767,1.8022,0.49528558,-5.99714379,-9.29517792,-14.87731558,-8.31226111,-61.45648305,342705357.6,0.0385,342705357.6,,2022-07-12T00:20:00Z,,,,,
2694,Nexo,NEXO,nexo,79,2018-05-01T00:00:00Z,1000000000,560000011,1000000000,88,2022-07-12T00:20:00Z,0.605754712,5389515.122,-4.499,0.19926848,-2.03522005,-1.43714836,-43.51025662,-50.66386703,-74.11378158,339222645.4,0.0381,605754712,,2022-07-12T00:20:00Z,1027,Ethereum,ETH,ethereum,0xb62132e35a6c13ee1ee0f84dc5d40bad8d815206
7080,Gala,GALA,gala,175,2020-09-16T00:00:00Z,,6977205436,35240112493,89,2022-07-12T00:20:00Z,0.048423417,193621939.5,38.2819,0.96213913,-8.26972094,-12.62584108,-23.45982645,-27.49467388,-76.01497684,337860129.7,0.038,1706446670,,2022-07-12T00:20:00Z,1027,Ethereum,ETH,ethereum,0x15D4c048F83bd7e37d49eA4C83a07267Ec4203dA
2682,Holo,HOT,holo,118,2018-04-29T00:00:00Z,,1.73E+11,1.78E+11,90,2022-07-12T00:20:00Z,0.001945333,17004787.9,-6.2529,0.57491163,-5.35782363,-10.14950038,-12.02693149,-16.93804688,-61.10331295,337181704.2,0.0379,345528865.4,,2022-07-12T00:20:00Z,1027,Ethereum,ETH,ethereum,0x6c6ee5e31d828de241282b9606c8e98ea48526e2
8104,1inch Network,1INCH,1inch,241,2020-12-25T00:00:00Z,,558880063.8,1500000000,91,2022-07-12T00:19:00Z,0.58883395,37709568.75,-13.4927,-0.83900517,-8.32812884,-8.01727942,-16.09442613,-26.13909213,-61.17729573,329087555.4,0.037,883250924.6,,2022-07-12T00:19:00Z,1027,Ethereum,ETH,ethereum,0x111111111117dc0aa78b770fa6a738034120c302
2634,XDC Network,XDC,xinfin,59,2018-04-12T00:00:00Z,,12305012699,37705012699,92,2022-07-12T00:20:00Z,0.026203169,3121461.463,-27.2976,0.15346146,-1.60642841,1.06855539,-23.63380499,-37.25906539,-51.94929784,322430325.9,0.0363,987990815.5,,2022-07-12T00:20:00Z,,,,,
1168,Decred,DCR,decred,57,2016-02-10T00:00:00Z,21000000,14175891.6,14175891.6,93,2022-07-12T00:19:00Z,21.80338644,1608091.988,-0.3941,0.05725216,-5.64869046,-6.61126491,-28.28955242,-30.08761865,-60.57927011,309082442.7,0.0348,457871115.3,,2022-07-12T00:19:00Z,,,,,
4269,GateToken,GT,gatetoken,23,2019-08-20T00:00:00Z,,78362420.74,300000000,94,2022-07-12T00:20:00Z,3.894566028,1595633.696,15.344,0.07995572,-0.0264895,-4.76730201,-26.34939197,-27.08194331,-39.22909136,305187621.7,0.0343,1168369809,,2022-07-12T00:20:00Z,1027,Ethereum,ETH,ethereum,0xe66747a101bff2dba3697199dcce5b743b454759
1659,Gnosis,GNO,gnosis-gno,71,2017-05-01T00:00:00Z,10000000,2579588,3000000,95,2022-07-12T00:19:00Z,111.3306379,5735895.943,46.1944,-0.13348308,-5.20052239,-5.20260196,-31.46969963,-49.26343206,-67.75014267,287187177.6,0.0323,1113306379,22381570.5,2022-07-12T00:19:00Z,1027,Ethereum,ETH,ethereum,0x6810e776880c02933d47db1b9fc05908e5386b96
8677,Symbol,XYM,symbol,38,2021-03-03T00:00:00Z,8999999999,5582460005,7967988930,96,2022-07-12T00:20:00Z,0.050842683,1804545.035,-25.1229,-0.02435115,-1.4349537,-4.27422932,-1.89642644,-22.49415168,-55.50576667,283827245.1,0.0319,457584148.1,,2022-07-12T00:20:00Z,,,,,
1684,Qtum,QTUM,qtum,189,2017-05-24T00:00:00Z,107822406,104241950,103944501,97,2022-07-12T00:19:00Z,2.695872426,48297112.78,15.0157,0.09105258,-8.04871742,-7.31450704,-20.53411527,-24.99393346,-58.17974227,281022998.6,0.0316,290675451.2,,2022-07-12T00:19:00Z,,,,,
3801,BORA,BORA,bora,14,2019-03-18T00:00:00Z,,927500000,1205750000,98,2022-07-12T00:19:00Z,0.302135537,9866290.274,47.329,4.85617416,-1.19851119,-1.7412493,-15.24809463,0.57413823,-63.89067791,280230710.8,0.0315,364299924.1,,2022-07-12T00:19:00Z,4256,Klaytn,KLAY,klaytn,0x02cbe46fb8a1f579254a9b485788f2d86cad51aa
5647,Kadena,KDA,kadena,32,2020-05-31T00:00:00Z,1000000000,184802447.9,1000000000,99,2022-07-12T00:19:00Z,1.48039152,10955543.88,25.4045,0.15554496,-3.43965099,-4.15134242,-11.65927861,-6.40803517,-73.55854677,273579976.8,0.0308,1480391520,,2022-07-12T00:19:00Z,,,,,
2586,Synthetix,SNX,synthetix-network-token,256,2018-03-14T00:00:00Z,212424133,114841533,215258834.2,100,2022-07-12T00:20:00Z,2.338127539,56411785.64,1.3803,2.02151271,-3.34369892,-15.69082268,0.01831022,-4.85310998,-53.07384089,268514150.9,0.0302,496674715.2,,2022-07-12T00:20:00Z,1027,Ethereum,ETH,ethereum,0xc011a73ee8576fb46f5e1c5751ca3b9fe0af2a6f
